"Was that an increase, decrease or stable number?"
"Stable"
"Increase"
"Increase"
"Stable"
"Stable"
"Stable"
"Stable"
"Stable"
"Stable"
"Stable"
"Stable"
"Decrease"
"Stable"
"Stable"
"Stable"
"Stable"
"Stable"
"Decrease"
"Decrease"
"Increase"
"Increase"
"Stable"
"Stable"
"Decrease"
"Stable"
"Stable"
"Decrease"
"Stable"
"Stable"
"Stable"
"Decrease"
"Stable"
"Stable"
"Stable"
"Increase"
"Decrease"
"Stable"
"Stable"
"Increase"
"Stable"
"Increase"
"Stable"
"Increase"
"Decrease"
"Stable"
"Stable"
"Stable"
"Increase"
"Stable"
"Increase"
"Stable"
"Stable"
"Increase"
"Stable"
"Decrease"
"Stable"
"Decrease"
"Increase"
"Stable"
"Stable"
"Stable"
